------------------ TBL_COMBINACIONES

INSERT INTO TBL_COMBINACIONES (DESCRIPCION) VALUES ('ESCALERA REAL DE COLOR');
INSERT INTO TBL_COMBINACIONES (DESCRIPCION) VALUES ('ESCALERA DE COLOR');
INSERT INTO TBL_COMBINACIONES (DESCRIPCION) VALUES ('POKER');
INSERT INTO TBL_COMBINACIONES (DESCRIPCION) VALUES ('FULL');
INSERT INTO TBL_COMBINACIONES (DESCRIPCION) VALUES ('COLOR');
INSERT INTO TBL_COMBINACIONES (DESCRIPCION) VALUES ('ESCALERA');
INSERT INTO TBL_COMBINACIONES (DESCRIPCION) VALUES ('TRIO');
INSERT INTO TBL_COMBINACIONES (DESCRIPCION) VALUES ('PAREJA');
INSERT INTO TBL_COMBINACIONES (DESCRIPCION) VALUES ('CARTA MÁS ALTA');


------------------ TBL_TIPO_IDENTIFICACIONES

INSERT INTO TBL_TIPO_IDENTIFICACIONES (DESCRIPCION) VALUES ('CÉDULA DE CIUDADANÍA');
INSERT INTO TBL_TIPO_IDENTIFICACIONES (DESCRIPCION) VALUES ('TARJETA DE IDENTIDAD');
INSERT INTO TBL_TIPO_IDENTIFICACIONES (DESCRIPCION) VALUES ('CÉDULA DE EXTRANJERÍA');

------------------ TBL_GENEROS

INSERT INTO TBL_GENEROS (DESCRIPCION) VALUES ('MASCULINO');
INSERT INTO TBL_GENEROS (DESCRIPCION) VALUES ('FEMENINO');

------------------ TBL_PARTICIPANTES

INSERT INTO TBL_PARTICIPANTES (IDENTIFIACION, NOMBRE, APELLIDO1, APELLIDO2, FECHA_NACIMIENTO, EMAIL, TIPO_IDENTIFIACION_ID, GENEROS_ID)
  VALUES ('1152455906', 'Cristian', 'Hoyos', 'Jaramillo', TO_DATE('1995/11/04', 'yyyy/mm/dd'), 'cristianhoyos66@hotmail.com', 1, 1);
  
INSERT INTO TBL_PARTICIPANTES (IDENTIFIACION, NOMBRE, APELLIDO1, APELLIDO2, FECHA_NACIMIENTO, EMAIL, TIPO_IDENTIFIACION_ID, GENEROS_ID)
  VALUES ('1152125906', 'Maria', 'Hoyos', 'Palacios', TO_DATE('2000/11/04', 'yyyy/mm/dd'), 'mariahoyos66@gmail.com', 2, 2);
  
INSERT INTO TBL_PARTICIPANTES (IDENTIFIACION, NOMBRE, APELLIDO1, APELLIDO2, FECHA_NACIMIENTO, EMAIL, TIPO_IDENTIFIACION_ID, GENEROS_ID)
  VALUES ('1152129896', 'Melissa', 'Palacios', 'Palacios', TO_DATE('1990/11/04', 'yyyy/mm/dd'), 'mel.pal@gmail.com', 1, 2);
  
INSERT INTO TBL_PARTICIPANTES (IDENTIFIACION, NOMBRE, APELLIDO1, APELLIDO2, FECHA_NACIMIENTO, EMAIL, TIPO_IDENTIFIACION_ID, GENEROS_ID)
  VALUES ('1129896', 'Johnatan Camilo', 'Jaramillo', 'Patiño', TO_DATE('1985/05/05', 'yyyy/mm/dd'), 'j.c.j@gmail.com', 1, 1);
  
------------------ TBL_TORNEOS

INSERT INTO TBL_TORNEOS (NOMBRE, FECHA_INICIO, FECHA_FIN) 
  VALUES ('Torneo 1', TO_DATE('2016/05/03 21:02:44', 'yyyy/mm/dd hh24:mi:ss'), TO_DATE('2016/05/05 21:02:44', 'yyyy/mm/dd hh24:mi:ss'));
    
INSERT INTO TBL_TORNEOS (NOMBRE, FECHA_INICIO, FECHA_FIN) 
  VALUES ('Torneo 2', TO_DATE('2016/05/05 21:02:44', 'yyyy/mm/dd hh24:mi:ss'), TO_DATE('2016/05/07 21:02:44', 'yyyy/mm/dd hh24:mi:ss'));
  
------------------- TBL_JUEGOS

INSERT INTO TBL_JUEGOS (TORNEO_ID) VALUES (1);
INSERT INTO TBL_JUEGOS (TORNEO_ID) VALUES (1);
INSERT INTO TBL_JUEGOS (TORNEO_ID) VALUES (1);
INSERT INTO TBL_JUEGOS (TORNEO_ID) VALUES (1);
INSERT INTO TBL_JUEGOS (TORNEO_ID) VALUES (1);
INSERT INTO TBL_JUEGOS (TORNEO_ID) VALUES (1);
INSERT INTO TBL_JUEGOS (TORNEO_ID) VALUES (1);
INSERT INTO TBL_JUEGOS (TORNEO_ID) VALUES (2);
INSERT INTO TBL_JUEGOS (TORNEO_ID) VALUES (2);
INSERT INTO TBL_JUEGOS (TORNEO_ID) VALUES (2);
INSERT INTO TBL_JUEGOS (TORNEO_ID) VALUES (2);
INSERT INTO TBL_JUEGOS (TORNEO_ID) VALUES (2);
INSERT INTO TBL_JUEGOS (TORNEO_ID) VALUES (2);
INSERT INTO TBL_JUEGOS (TORNEO_ID) VALUES (2);
INSERT INTO TBL_JUEGOS (TORNEO_ID) VALUES (2);

--------------- TBL_PARTICIPANTES_JUEGOS

INSERT INTO TBL_PARTICIPANTES_JUEGOS (PARTICIPANTE_ID, JUEGO_ID) VALUES ('1152455906', 1);
INSERT INTO TBL_PARTICIPANTES_JUEGOS (PARTICIPANTE_ID, JUEGO_ID) VALUES ('1152455906', 2);
INSERT INTO TBL_PARTICIPANTES_JUEGOS (PARTICIPANTE_ID, JUEGO_ID) VALUES ('1152125906', 1);
INSERT INTO TBL_PARTICIPANTES_JUEGOS (PARTICIPANTE_ID, JUEGO_ID) VALUES ('1152125906', 3);
INSERT INTO TBL_PARTICIPANTES_JUEGOS (PARTICIPANTE_ID, JUEGO_ID) VALUES ('1152125906', 4);
INSERT INTO TBL_PARTICIPANTES_JUEGOS (PARTICIPANTE_ID, JUEGO_ID) VALUES ('1152129896', 1);
INSERT INTO TBL_PARTICIPANTES_JUEGOS (PARTICIPANTE_ID, JUEGO_ID) VALUES ('1152129896', 2);
INSERT INTO TBL_PARTICIPANTES_JUEGOS (PARTICIPANTE_ID, JUEGO_ID) VALUES ('1129896', 1);
INSERT INTO TBL_PARTICIPANTES_JUEGOS (PARTICIPANTE_ID, JUEGO_ID) VALUES ('1129896', 2);

----------------- TBL_PAR_JUEG_COMBINACIONES
INSERT INTO TBL_PAR_JUEG_COMBINACIONES (PAR_JUEG_PAR_ID, PAR_JUEG_JUEG_ID, COMBINACIONES_ID) VALUES ('1129896', 2, 1);
INSERT INTO TBL_PAR_JUEG_COMBINACIONES (PAR_JUEG_PAR_ID, PAR_JUEG_JUEG_ID, COMBINACIONES_ID) VALUES ('1129896', 2, 2);
INSERT INTO TBL_PAR_JUEG_COMBINACIONES (PAR_JUEG_PAR_ID, PAR_JUEG_JUEG_ID, COMBINACIONES_ID) VALUES ('1129896', 2, 3);
INSERT INTO TBL_PAR_JUEG_COMBINACIONES (PAR_JUEG_PAR_ID, PAR_JUEG_JUEG_ID, COMBINACIONES_ID) VALUES ('1152125906', 3, 3);
INSERT INTO TBL_PAR_JUEG_COMBINACIONES (PAR_JUEG_PAR_ID, PAR_JUEG_JUEG_ID, COMBINACIONES_ID) VALUES ('1152129896', 2, 9);

/*
Ejecutan un procedimiento para actualizar la tabla, 
teniendo en cuenta el orden de los parámetros:
  1- PAR_JUEG_PAR_ID
  2- PAR_JUEG_JUEG_ID
  3- COMBINACIONES_ID
*/
exec INCREASE_COUNT ('1129896', 2, 1);
exec INCREASE_COUNT ('1129896', 2, 2);
exec INCREASE_COUNT ('1129896', 2, 3);
exec INCREASE_COUNT ('1152129896', 2, 9);






  
  
  
  
  
  
  
  
  
  
  
  
  
  
  
  
  